{"decim": 5, "cycles": 5, "foi": [4.0, 4.6323263178718639, 5.3646117788120744, 6.212658082039141, 7.1947648843423133, 8.3321246811598026, 9.649280111081568, 11.17465355177017, 12.94116043524131, 14.986919516992611, 17.356075425598092, 20.099751242241773, 23.277151665528571, 26.95684056633073, 31.218220500522406, 36.15324610542423, 41.868408352663799, 48.48703247486263, 56.151939152203489, 65.028526383572952, 75.308338544762492, 87.213199649026777, 101.00000000000001], "time_bandwidth": 4}